word,phonemes,meaning,onset,rime,word_family,textbook_tags,sight_word,image_path,audio_path
cat,k-æ-t,"고양이",c,at,-at,,N,/assets/images/cat.svg,/assets/audio/cat.mp3
bat,b-æ-t,"박쥐",b,at,-at,,N,/assets/images/bat.svg,/assets/audio/bat.mp3
hat,h-æ-t,"모자",h,at,-at,,N,/assets/images/hat.svg,/assets/audio/hat.mp3
mat,m-æ-t,"매트",m,at,-at,,N,/assets/images/mat.svg,/assets/audio/mat.mp3
rat,r-æ-t,"쥐",r,at,-at,,N,/assets/images/rat.svg,/assets/audio/rat.mp3
sat,s-æ-t,"앉았다",s,at,-at,,N,/assets/images/sat.svg,/assets/audio/sat.mp3
fan,f-æ-n,"부채",f,an,-an,,N,/assets/images/fan.svg,/assets/audio/fan.mp3
van,v-æ-n,"밴",v,an,-an,,N,/assets/images/van.svg,/assets/audio/van.mp3
can,k-æ-n,"캔",c,an,-an,,N,/assets/images/can.svg,/assets/audio/can.mp3
man,m-æ-n,"남자",m,an,-an,,N,/assets/images/man.svg,/assets/audio/man.mp3
map,m-æ-p,"지도",m,ap,-ap,,N,/assets/images/map.svg,/assets/audio/map.mp3
cap,k-æ-p,"모자",c,ap,-ap,,N,/assets/images/cap.svg,/assets/audio/cap.mp3
tap,t-æ-p,"수도꼭지",t,ap,-ap,,N,/assets/images/tap.svg,/assets/audio/tap.mp3
nap,n-æ-p,"낮잠",n,ap,-ap,,N,/assets/images/nap.svg,/assets/audio/nap.mp3
bag,b-æ-g,"가방",b,ag,-ag,,N,/assets/images/bag.svg,/assets/audio/bag.mp3
dad,d-æ-d,"아빠",d,ad,-ad,,N,/assets/images/dad.svg,/assets/audio/dad.mp3
sad,s-æ-d,"슬픈",s,ad,-ad,,N,/assets/images/sad.svg,/assets/audio/sad.mp3
ham,h-æ-m,"햄",h,am,-am,,N,/assets/images/ham.svg,/assets/audio/ham.mp3
jam,dʒ-æ-m,"잼",j,am,-am,,N,/assets/images/jam.svg,/assets/audio/jam.mp3
ram,r-æ-m,"숫양",r,am,-am,,N,/assets/images/ram.svg,/assets/audio/ram.mp3
bed,b-ɛ-d,"침대",b,ed,-ed,,N,/assets/images/bed.svg,/assets/audio/bed.mp3
red,r-ɛ-d,"빨간",r,ed,-ed,,N,/assets/images/red.svg,/assets/audio/red.mp3
pen,p-ɛ-n,"펜",p,en,-en,,N,/assets/images/pen.svg,/assets/audio/pen.mp3
hen,h-ɛ-n,"암탉",h,en,-en,,N,/assets/images/hen.svg,/assets/audio/hen.mp3
ten,t-ɛ-n,"열",t,en,-en,,N,/assets/images/ten.svg,/assets/audio/ten.mp3
men,m-ɛ-n,"남자들",m,en,-en,,N,/assets/images/men.svg,/assets/audio/men.mp3
net,n-ɛ-t,"그물",n,et,-et,,N,/assets/images/net.svg,/assets/audio/net.mp3
set,s-ɛ-t,"세트",s,et,-et,,N,/assets/images/set.svg,/assets/audio/set.mp3
wet,w-ɛ-t,"젖은",w,et,-et,,N,/assets/images/wet.svg,/assets/audio/wet.mp3
jet,dʒ-ɛ-t,"비행기",j,et,-et,,N,/assets/images/jet.svg,/assets/audio/jet.mp3
leg,l-ɛ-g,"다리",l,eg,-eg,,N,/assets/images/leg.svg,/assets/audio/leg.mp3
peg,p-ɛ-g,"못",p,eg,-eg,,N,/assets/images/peg.svg,/assets/audio/peg.mp3
beg,b-ɛ-g,"빌다",b,eg,-eg,,N,/assets/images/beg.svg,/assets/audio/beg.mp3
fed,f-ɛ-d,"먹였다",f,ed,-ed,,N,/assets/images/fed.svg,/assets/audio/fed.mp3
den,d-ɛ-n,"굴",d,en,-en,,N,/assets/images/den.svg,/assets/audio/den.mp3
pet,p-ɛ-t,"애완동물",p,et,-et,,N,/assets/images/pet.svg,/assets/audio/pet.mp3
vet,v-ɛ-t,"수의사",v,et,-et,,N,/assets/images/vet.svg,/assets/audio/vet.mp3
big,b-ɪ-g,"큰",b,ig,-ig,,N,/assets/images/big.svg,/assets/audio/big.mp3
pig,p-ɪ-g,"돼지",p,ig,-ig,,N,/assets/images/pig.svg,/assets/audio/pig.mp3
dig,d-ɪ-g,"파다",d,ig,-ig,,N,/assets/images/dig.svg,/assets/audio/dig.mp3
sit,s-ɪ-t,"앉다",s,it,-it,,N,/assets/images/sit.svg,/assets/audio/sit.mp3
hit,h-ɪ-t,"치다",h,it,-it,,N,/assets/images/hit.svg,/assets/audio/hit.mp3
bit,b-ɪ-t,"조금",b,it,-it,,N,/assets/images/bit.svg,/assets/audio/bit.mp3
fin,f-ɪ-n,"지느러미",f,in,-in,,N,/assets/images/fin.svg,/assets/audio/fin.mp3
pin,p-ɪ-n,"핀",p,in,-in,,N,/assets/images/pin.svg,/assets/audio/pin.mp3
bin,b-ɪ-n,"통",b,in,-in,,N,/assets/images/bin.svg,/assets/audio/bin.mp3
lip,l-ɪ-p,"입술",l,ip,-ip,,N,/assets/images/lip.svg,/assets/audio/lip.mp3
zip,z-ɪ-p,"지퍼",z,ip,-ip,,N,/assets/images/zip.svg,/assets/audio/zip.mp3
tip,t-ɪ-p,"끝",t,ip,-ip,,N,/assets/images/tip.svg,/assets/audio/tip.mp3
wig,w-ɪ-g,"가발",w,ig,-ig,,N,/assets/images/wig.svg,/assets/audio/wig.mp3
six,s-ɪ-k-s,"여섯",s,ix,-ix,,N,/assets/images/six.svg,/assets/audio/six.mp3
kid,k-ɪ-d,"아이",k,id,-id,,N,/assets/images/kid.svg,/assets/audio/kid.mp3
rib,r-ɪ-b,"갈비뼈",r,ib,-ib,,N,/assets/images/rib.svg,/assets/audio/rib.mp3
lid,l-ɪ-d,"뚜껑",l,id,-id,,N,/assets/images/lid.svg,/assets/audio/lid.mp3
mix,m-ɪ-k-s,"섞다",m,ix,-ix,,N,/assets/images/mix.svg,/assets/audio/mix.mp3
hip,h-ɪ-p,"엉덩이",h,ip,-ip,,N,/assets/images/hip.svg,/assets/audio/hip.mp3
rip,r-ɪ-p,"찢다",r,ip,-ip,,N,/assets/images/rip.svg,/assets/audio/rip.mp3
dog,d-ɒ-g,"개",d,og,-og,,N,/assets/images/dog.svg,/assets/audio/dog.mp3
hot,h-ɒ-t,"뜨거운",h,ot,-ot,,N,/assets/images/hot.svg,/assets/audio/hot.mp3
box,b-ɒ-k-s,"상자",b,ox,-ox,,N,/assets/images/box.svg,/assets/audio/box.mp3
fox,f-ɒ-k-s,"여우",f,ox,-ox,,N,/assets/images/fox.svg,/assets/audio/fox.mp3
pot,p-ɒ-t,"냄비",p,ot,-ot,,N,/assets/images/pot.svg,/assets/audio/pot.mp3
top,t-ɒ-p,"꼭대기",t,op,-op,,N,/assets/images/top.svg,/assets/audio/top.mp3
hop,h-ɒ-p,"깡충뛰다",h,op,-op,,N,/assets/images/hop.svg,/assets/audio/hop.mp3
mop,m-ɒ-p,"밀대",m,op,-op,,N,/assets/images/mop.svg,/assets/audio/mop.mp3
log,l-ɒ-g,"통나무",l,og,-og,,N,/assets/images/log.svg,/assets/audio/log.mp3
cot,k-ɒ-t,"간이침대",c,ot,-ot,,N,/assets/images/cot.svg,/assets/audio/cot.mp3
dot,d-ɒ-t,"점",d,ot,-ot,,N,/assets/images/dot.svg,/assets/audio/dot.mp3
got,g-ɒ-t,"얻었다",g,ot,-ot,,N,/assets/images/got.svg,/assets/audio/got.mp3
rod,r-ɒ-d,"막대",r,od,-od,,N,/assets/images/rod.svg,/assets/audio/rod.mp3
sob,s-ɒ-b,"흐느끼다",s,ob,-ob,,N,/assets/images/sob.svg,/assets/audio/sob.mp3
nod,n-ɒ-d,"끄덕이다",n,od,-od,,N,/assets/images/nod.svg,/assets/audio/nod.mp3
mom,m-ɒ-m,"엄마",m,om,-om,,N,/assets/images/mom.svg,/assets/audio/mom.mp3
cop,k-ɒ-p,"경찰",c,op,-op,,N,/assets/images/cop.svg,/assets/audio/cop.mp3
bug,b-ʌ-g,"벌레",b,ug,-ug,,N,/assets/images/bug.svg,/assets/audio/bug.mp3
cup,k-ʌ-p,"컵",c,up,-up,,N,/assets/images/cup.svg,/assets/audio/cup.mp3
sun,s-ʌ-n,"태양",s,un,-un,,N,/assets/images/sun.svg,/assets/audio/sun.mp3
run,r-ʌ-n,"달리다",r,un,-un,,N,/assets/images/run.svg,/assets/audio/run.mp3
fun,f-ʌ-n,"재미",f,un,-un,,N,/assets/images/fun.svg,/assets/audio/fun.mp3
bun,b-ʌ-n,"빵",b,un,-un,,N,/assets/images/bun.svg,/assets/audio/bun.mp3
nut,n-ʌ-t,"견과류",n,ut,-ut,,N,/assets/images/nut.svg,/assets/audio/nut.mp3
cut,k-ʌ-t,"자르다",c,ut,-ut,,N,/assets/images/cut.svg,/assets/audio/cut.mp3
hut,h-ʌ-t,"오두막",h,ut,-ut,,N,/assets/images/hut.svg,/assets/audio/hut.mp3
mud,m-ʌ-d,"진흙",m,ud,-ud,,N,/assets/images/mud.svg,/assets/audio/mud.mp3
tub,t-ʌ-b,"욕조",t,ub,-ub,,N,/assets/images/tub.svg,/assets/audio/tub.mp3
rug,r-ʌ-g,"깔개",r,ug,-ug,,N,/assets/images/rug.svg,/assets/audio/rug.mp3
bus,b-ʌ-s,"버스",b,us,-us,,N,/assets/images/bus.svg,/assets/audio/bus.mp3
gum,g-ʌ-m,"껌",g,um,-um,,N,/assets/images/gum.svg,/assets/audio/gum.mp3
jug,dʒ-ʌ-g,"주전자",j,ug,-ug,,N,/assets/images/jug.svg,/assets/audio/jug.mp3
pup,p-ʌ-p,"강아지",p,up,-up,,N,/assets/images/pup.svg,/assets/audio/pup.mp3
hug,h-ʌ-g,"안다",h,ug,-ug,,N,/assets/images/hug.svg,/assets/audio/hug.mp3
mug,m-ʌ-g,"머그컵",m,ug,-ug,,N,/assets/images/mug.svg,/assets/audio/mug.mp3
bud,b-ʌ-d,"새싹",b,ud,-ud,,N,/assets/images/bud.svg,/assets/audio/bud.mp3
rub,r-ʌ-b,"문지르다",r,ub,-ub,,N,/assets/images/rub.svg,/assets/audio/rub.mp3
cake,k-eɪ-k,"케이크",,,,,N,/assets/images/cake.svg,/assets/audio/cake.mp3
bake,b-eɪ-k,"굽다",,,,,N,/assets/images/bake.svg,/assets/audio/bake.mp3
lake,l-eɪ-k,"호수",,,,,N,/assets/images/lake.svg,/assets/audio/lake.mp3
make,m-eɪ-k,"만들다",,,,,N,/assets/images/make.svg,/assets/audio/make.mp3
take,t-eɪ-k,"가져가다",,,,,N,/assets/images/take.svg,/assets/audio/take.mp3
name,n-eɪ-m,"이름",,,,,N,/assets/images/name.svg,/assets/audio/name.mp3
game,g-eɪ-m,"게임",,,,,N,/assets/images/game.svg,/assets/audio/game.mp3
came,k-eɪ-m,"왔다",,,,,N,/assets/images/came.svg,/assets/audio/came.mp3
gate,g-eɪ-t,"문",,,,,N,/assets/images/gate.svg,/assets/audio/gate.mp3
late,l-eɪ-t,"늦은",,,,,N,/assets/images/late.svg,/assets/audio/late.mp3
tape,t-eɪ-p,"테이프",,,,,N,/assets/images/tape.svg,/assets/audio/tape.mp3
cape,k-eɪ-p,"망토",,,,,N,/assets/images/cape.svg,/assets/audio/cape.mp3
face,f-eɪ-s,"얼굴",,,,,N,/assets/images/face.svg,/assets/audio/face.mp3
race,r-eɪ-s,"경주",,,,,N,/assets/images/race.svg,/assets/audio/race.mp3
wave,w-eɪ-v,"파도",,,,,N,/assets/images/wave.svg,/assets/audio/wave.mp3
rake,r-eɪ-k,"갈퀴",r,ake,-ake,,N,/assets/images/rake.svg,/assets/audio/rake.mp3
cave,k-eɪ-v,"동굴",c,ave,-ave,,N,/assets/images/cave.svg,/assets/audio/cave.mp3
vase,v-eɪ-z,"꽃병",v,ase,-ase,,N,/assets/images/vase.svg,/assets/audio/vase.mp3
date,d-eɪ-t,"날짜",d,ate,-ate,,N,/assets/images/date.svg,/assets/audio/date.mp3
bike,b-aɪ-k,"자전거",,,,,N,/assets/images/bike.svg,/assets/audio/bike.mp3
like,l-aɪ-k,"좋아하다",,,,,N,/assets/images/like.svg,/assets/audio/like.mp3
hike,h-aɪ-k,"하이킹",,,,,N,/assets/images/hike.svg,/assets/audio/hike.mp3
time,t-aɪ-m,"시간",,,,,N,/assets/images/time.svg,/assets/audio/time.mp3
lime,l-aɪ-m,"라임",,,,,N,/assets/images/lime.svg,/assets/audio/lime.mp3
dime,d-aɪ-m,"10센트",,,,,N,/assets/images/dime.svg,/assets/audio/dime.mp3
kite,k-aɪ-t,"연",,,,,N,/assets/images/kite.svg,/assets/audio/kite.mp3
bite,b-aɪ-t,"물다",,,,,N,/assets/images/bite.svg,/assets/audio/bite.mp3
ride,r-aɪ-d,"타다",,,,,N,/assets/images/ride.svg,/assets/audio/ride.mp3
hide,h-aɪ-d,"숨다",,,,,N,/assets/images/hide.svg,/assets/audio/hide.mp3
five,f-aɪ-v,"다섯",,,,,N,/assets/images/five.svg,/assets/audio/five.mp3
nine,n-aɪ-n,"아홉",,,,,N,/assets/images/nine.svg,/assets/audio/nine.mp3
pine,p-aɪ-n,"소나무",,,,,N,/assets/images/pine.svg,/assets/audio/pine.mp3
vine,v-aɪ-n,"덩굴",,,,,N,/assets/images/vine.svg,/assets/audio/vine.mp3
line,l-aɪ-n,"선",,,,,N,/assets/images/line.svg,/assets/audio/line.mp3
bone,b-oʊ-n,"뼈",,,,,N,/assets/images/bone.svg,/assets/audio/bone.mp3
cone,k-oʊ-n,"콘",,,,,N,/assets/images/cone.svg,/assets/audio/cone.mp3
home,h-oʊ-m,"집",,,,,N,/assets/images/home.svg,/assets/audio/home.mp3
hope,h-oʊ-p,"희망",,,,,N,/assets/images/hope.svg,/assets/audio/hope.mp3
nose,n-oʊ-z,"코",,,,,N,/assets/images/nose.svg,/assets/audio/nose.mp3
rose,r-oʊ-z,"장미",,,,,N,/assets/images/rose.svg,/assets/audio/rose.mp3
hole,h-oʊ-l,"구멍",,,,,N,/assets/images/hole.svg,/assets/audio/hole.mp3
pole,p-oʊ-l,"기둥",,,,,N,/assets/images/pole.svg,/assets/audio/pole.mp3
rope,r-oʊ-p,"밧줄",,,,,N,/assets/images/rope.svg,/assets/audio/rope.mp3
note,n-oʊ-t,"메모",,,,,N,/assets/images/note.svg,/assets/audio/note.mp3
vote,v-oʊ-t,"투표",,,,,N,/assets/images/vote.svg,/assets/audio/vote.mp3
joke,dʒ-oʊ-k,"농담",,,,,N,/assets/images/joke.svg,/assets/audio/joke.mp3
woke,w-oʊ-k,"일어났다",,,,,N,/assets/images/woke.svg,/assets/audio/woke.mp3
stone,s-t-oʊ-n,"돌",,,,,N,/assets/images/stone.svg,/assets/audio/stone.mp3
phone,f-oʊ-n,"전화",,,,,N,/assets/images/phone.svg,/assets/audio/phone.mp3
cute,k-juː-t,"귀여운",,,,,N,/assets/images/cute.svg,/assets/audio/cute.mp3
mute,m-juː-t,"조용한",,,,,N,/assets/images/mute.svg,/assets/audio/mute.mp3
cube,k-juː-b,"정육면체",,,,,N,/assets/images/cube.svg,/assets/audio/cube.mp3
tube,t-juː-b,"관",,,,,N,/assets/images/tube.svg,/assets/audio/tube.mp3
tune,t-juː-n,"곡",,,,,N,/assets/images/tune.svg,/assets/audio/tune.mp3
dune,d-juː-n,"모래언덕",,,,,N,/assets/images/dune.svg,/assets/audio/dune.mp3
June,dʒ-uː-n,"6월",,,,,N,/assets/images/june.svg,/assets/audio/june.mp3
huge,h-juː-dʒ,"거대한",,,,,N,/assets/images/huge.svg,/assets/audio/huge.mp3
rude,r-uː-d,"무례한",,,,,N,/assets/images/rude.svg,/assets/audio/rude.mp3
rule,r-uː-l,"규칙",,,,,N,/assets/images/rule.svg,/assets/audio/rule.mp3
mule,m-juː-l,"노새",,,,,N,/assets/images/mule.svg,/assets/audio/mule.mp3
fuse,f-juː-z,"퓨즈",,,,,N,/assets/images/fuse.svg,/assets/audio/fuse.mp3
use,j-uː-z,"사용하다",,,,,N,/assets/images/use.svg,/assets/audio/use.mp3
flute,f-l-uː-t,"플루트",,,,,N,/assets/images/flute.svg,/assets/audio/flute.mp3
prune,p-r-uː-n,"자두",,,,,N,/assets/images/prune.svg,/assets/audio/prune.mp3
bee,b-iː,"벌",,,,,N,/assets/images/bee.svg,/assets/audio/bee.mp3
see,s-iː,"보다",,,,,N,/assets/images/see.svg,/assets/audio/see.mp3
tree,t-r-iː,"나무",,,,,N,/assets/images/tree.svg,/assets/audio/tree.mp3
free,f-r-iː,"자유로운",,,,,N,/assets/images/free.svg,/assets/audio/free.mp3
seed,s-iː-d,"씨앗",,,,,N,/assets/images/seed.svg,/assets/audio/seed.mp3
feed,f-iː-d,"먹이다",,,,,N,/assets/images/feed.svg,/assets/audio/feed.mp3
feet,f-iː-t,"발",,,,,N,/assets/images/feet.svg,/assets/audio/feet.mp3
meet,m-iː-t,"만나다",,,,,N,/assets/images/meet.svg,/assets/audio/meet.mp3
bead,b-iː-d,"구슬",,,,,N,/assets/images/bead.svg,/assets/audio/bead.mp3
read,r-iː-d,"읽다",,,,,N,/assets/images/read.svg,/assets/audio/read.mp3
sea,s-iː,"바다",,,,,N,/assets/images/sea.svg,/assets/audio/sea.mp3
tea,t-iː,"차",,,,,N,/assets/images/tea.svg,/assets/audio/tea.mp3
leaf,l-iː-f,"나뭇잎",,,,,N,/assets/images/leaf.svg,/assets/audio/leaf.mp3
team,t-iː-m,"팀",,,,,N,/assets/images/team.svg,/assets/audio/team.mp3
dream,d-r-iː-m,"꿈",,,,,N,/assets/images/dream.svg,/assets/audio/dream.mp3
black,b-l-æ-k,"검은",,,,,N,/assets/images/black.svg,/assets/audio/black.mp3
block,b-l-ɒ-k,"블록",,,,,N,/assets/images/block.svg,/assets/audio/block.mp3
blue,b-l-uː,"파란",,,,,N,/assets/images/blue.svg,/assets/audio/blue.mp3
clap,k-l-æ-p,"박수",,,,,N,/assets/images/clap.svg,/assets/audio/clap.mp3
clam,k-l-æ-m,"조개",,,,,N,/assets/images/clam.svg,/assets/audio/clam.mp3
clip,k-l-ɪ-p,"집게",,,,,N,/assets/images/clip.svg,/assets/audio/clip.mp3
clock,k-l-ɒ-k,"시계",,,,,N,/assets/images/clock.svg,/assets/audio/clock.mp3
class,k-l-æ-s,"수업",,,,,N,/assets/images/class.svg,/assets/audio/class.mp3
flag,f-l-æ-g,"깃발",,,,,N,/assets/images/flag.svg,/assets/audio/flag.mp3
flat,f-l-æ-t,"평평한",,,,,N,/assets/images/flat.svg,/assets/audio/flat.mp3
flip,f-l-ɪ-p,"뒤집다",,,,,N,/assets/images/flip.svg,/assets/audio/flip.mp3
flop,f-l-ɒ-p,"철퍼덕",,,,,N,/assets/images/flop.svg,/assets/audio/flop.mp3
flow,f-l-oʊ,"흐르다",,,,,N,/assets/images/flow.svg,/assets/audio/flow.mp3
blend,b-l-ɛ-n-d,"섞다",,,,,N,/assets/images/blend.svg,/assets/audio/blend.mp3
club,k-l-ʌ-b,"클럽",,,,,N,/assets/images/club.svg,/assets/audio/club.mp3
brick,b-r-ɪ-k,"벽돌",,,,,N,/assets/images/brick.svg,/assets/audio/brick.mp3
brush,b-r-ʌ-ʃ,"솔",,,,,N,/assets/images/brush.svg,/assets/audio/brush.mp3
bring,b-r-ɪ-ŋ,"가져오다",,,,,N,/assets/images/bring.svg,/assets/audio/bring.mp3
broom,b-r-uː-m,"빗자루",,,,,N,/assets/images/broom.svg,/assets/audio/broom.mp3
crab,k-r-æ-b,"게",,,,,N,/assets/images/crab.svg,/assets/audio/crab.mp3
crop,k-r-ɒ-p,"작물",,,,,N,/assets/images/crop.svg,/assets/audio/crop.mp3
crib,k-r-ɪ-b,"아기침대",,,,,N,/assets/images/crib.svg,/assets/audio/crib.mp3
cross,k-r-ɒ-s,"십자가",,,,,N,/assets/images/cross.svg,/assets/audio/cross.mp3
drip,d-r-ɪ-p,"방울",,,,,N,/assets/images/drip.svg,/assets/audio/drip.mp3
drop,d-r-ɒ-p,"떨어지다",,,,,N,/assets/images/drop.svg,/assets/audio/drop.mp3
drum,d-r-ʌ-m,"북",,,,,N,/assets/images/drum.svg,/assets/audio/drum.mp3
dress,d-r-ɛ-s,"드레스",,,,,N,/assets/images/dress.svg,/assets/audio/dress.mp3
drill,d-r-ɪ-l,"드릴",,,,,N,/assets/images/drill.svg,/assets/audio/drill.mp3
crack,k-r-æ-k,"금",,,,,N,/assets/images/crack.svg,/assets/audio/crack.mp3
grab,g-r-æ-b,"잡다",,,,,N,/assets/images/grab.svg,/assets/audio/grab.mp3
green,g-r-iː-n,"초록",,,,,N,/assets/images/green.svg,/assets/audio/green.mp3
grow,g-r-oʊ,"자라다",,,,,N,/assets/images/grow.svg,/assets/audio/grow.mp3
grip,g-r-ɪ-p,"쥐다",,,,,N,/assets/images/grip.svg,/assets/audio/grip.mp3
grin,g-r-ɪ-n,"방긋 웃다",,,,,N,/assets/images/grin.svg,/assets/audio/grin.mp3
press,p-r-ɛ-s,"누르다",,,,,N,/assets/images/press.svg,/assets/audio/press.mp3
print,p-r-ɪ-n-t,"인쇄",,,,,N,/assets/images/print.svg,/assets/audio/print.mp3
prize,p-r-aɪ-z,"상",,,,,N,/assets/images/prize.svg,/assets/audio/prize.mp3
price,p-r-aɪ-s,"가격",,,,,N,/assets/images/price.svg,/assets/audio/price.mp3
trip,t-r-ɪ-p,"여행",,,,,N,/assets/images/trip.svg,/assets/audio/trip.mp3
trick,t-r-ɪ-k,"속이다",,,,,N,/assets/images/trick.svg,/assets/audio/trick.mp3
truck,t-r-ʌ-k,"트럭",,,,,N,/assets/images/truck.svg,/assets/audio/truck.mp3
train,t-r-eɪ-n,"기차",,,,,N,/assets/images/train.svg,/assets/audio/train.mp3
grass,g-r-æ-s,"잔디",,,,,N,/assets/images/grass.svg,/assets/audio/grass.mp3
proud,p-r-aʊ-d,"자랑스러운",,,,,N,/assets/images/proud.svg,/assets/audio/proud.mp3
track,t-r-æ-k,"길",,,,,N,/assets/images/track.svg,/assets/audio/track.mp3
skip,s-k-ɪ-p,"건너뛰다",,,,,N,/assets/images/skip.svg,/assets/audio/skip.mp3
skin,s-k-ɪ-n,"피부",,,,,N,/assets/images/skin.svg,/assets/audio/skin.mp3
sky,s-k-aɪ,"하늘",,,,,N,/assets/images/sky.svg,/assets/audio/sky.mp3
snap,s-n-æ-p,"딸깍",,,,,N,/assets/images/snap.svg,/assets/audio/snap.mp3
snag,s-n-æ-g,"걸림",,,,,N,/assets/images/snag.svg,/assets/audio/snag.mp3
snow,s-n-oʊ,"눈",,,,,N,/assets/images/snow.svg,/assets/audio/snow.mp3
spin,s-p-ɪ-n,"돌다",,,,,N,/assets/images/spin.svg,/assets/audio/spin.mp3
spot,s-p-ɒ-t,"점",,,,,N,/assets/images/spot.svg,/assets/audio/spot.mp3
spoon,s-p-uː-n,"숟가락",,,,,N,/assets/images/spoon.svg,/assets/audio/spoon.mp3
step,s-t-ɛ-p,"걸음",,,,,N,/assets/images/step.svg,/assets/audio/step.mp3
stop,s-t-ɒ-p,"멈추다",,,,,N,/assets/images/stop.svg,/assets/audio/stop.mp3
star,s-t-ɑː-r,"별",,,,,N,/assets/images/star.svg,/assets/audio/star.mp3
stick,s-t-ɪ-k,"막대",,,,,N,/assets/images/stick.svg,/assets/audio/stick.mp3
stem,s-t-ɛ-m,"줄기",,,,,N,/assets/images/stem.svg,/assets/audio/stem.mp3
swim,s-w-ɪ-m,"수영하다",,,,,N,/assets/images/swim.svg,/assets/audio/swim.mp3
ship,ʃ-ɪ-p,"배",,,,,N,/assets/images/ship.svg,/assets/audio/ship.mp3
shop,ʃ-ɒ-p,"가게",,,,,N,/assets/images/shop.svg,/assets/audio/shop.mp3
shoe,ʃ-uː,"신발",,,,,N,/assets/images/shoe.svg,/assets/audio/shoe.mp3
shut,ʃ-ʌ-t,"닫다",,,,,N,/assets/images/shut.svg,/assets/audio/shut.mp3
she,ʃ-iː,"그녀",,,,,N,/assets/images/she.svg,/assets/audio/she.mp3
sheep,ʃ-iː-p,"양",,,,,N,/assets/images/sheep.svg,/assets/audio/sheep.mp3
shin,ʃ-ɪ-n,"정강이",,,,,N,/assets/images/shin.svg,/assets/audio/shin.mp3
shell,ʃ-ɛ-l,"조개껍질",,,,,N,/assets/images/shell.svg,/assets/audio/shell.mp3
chat,tʃ-æ-t,"수다",,,,,N,/assets/images/chat.svg,/assets/audio/chat.mp3
chin,tʃ-ɪ-n,"턱",,,,,N,/assets/images/chin.svg,/assets/audio/chin.mp3
chip,tʃ-ɪ-p,"칩",,,,,N,/assets/images/chip.svg,/assets/audio/chip.mp3
chop,tʃ-ɒ-p,"자르다",,,,,N,/assets/images/chop.svg,/assets/audio/chop.mp3
check,tʃ-ɛ-k,"확인",,,,,N,/assets/images/check.svg,/assets/audio/check.mp3
chain,tʃ-eɪ-n,"사슬",,,,,N,/assets/images/chain.svg,/assets/audio/chain.mp3
chunk,tʃ-ʌ-ŋ-k,"덩어리",,,,,N,/assets/images/chunk.svg,/assets/audio/chunk.mp3
fish,f-ɪ-ʃ,"물고기",f,ish,-ish,,N,/assets/images/fish.svg,/assets/audio/fish.mp3
wash,w-ɒ-ʃ,"씻다",w,ash,-ash,,N,/assets/images/wash.svg,/assets/audio/wash.mp3
bench,b-ɛ-n-tʃ,"벤치",b,ench,-ench,,N,/assets/images/bench.svg,/assets/audio/bench.mp3
catch,k-æ-tʃ,"잡다",c,atch,-atch,,N,/assets/images/catch.svg,/assets/audio/catch.mp3
lunch,l-ʌ-n-tʃ,"점심",l,unch,-unch,,N,/assets/images/lunch.svg,/assets/audio/lunch.mp3
this,ð-ɪ-s,"이것",,,,,N,/assets/images/this.svg,/assets/audio/this.mp3
that,ð-æ-t,"저것",,,,,N,/assets/images/that.svg,/assets/audio/that.mp3
them,ð-ɛ-m,"그들을",,,,,N,/assets/images/them.svg,/assets/audio/them.mp3
then,ð-ɛ-n,"그때",,,,,N,/assets/images/then.svg,/assets/audio/then.mp3
thin,θ-ɪ-n,"얇은",,,,,N,/assets/images/thin.svg,/assets/audio/thin.mp3
thick,θ-ɪ-k,"두꺼운",,,,,N,/assets/images/thick.svg,/assets/audio/thick.mp3
think,θ-ɪ-ŋ-k,"생각하다",,,,,N,/assets/images/think.svg,/assets/audio/think.mp3
three,θ-r-iː,"셋",,,,,N,/assets/images/three.svg,/assets/audio/three.mp3
whale,w-eɪ-l,"고래",,,,,N,/assets/images/whale.svg,/assets/audio/whale.mp3
what,w-ɒ-t,"무엇",,,,,N,/assets/images/what.svg,/assets/audio/what.mp3
when,w-ɛ-n,"언제",,,,,N,/assets/images/when.svg,/assets/audio/when.mp3
where,w-ɛ-r,"어디",,,,,N,/assets/images/where.svg,/assets/audio/where.mp3
white,w-aɪ-t,"하얀",,,,,N,/assets/images/white.svg,/assets/audio/white.mp3
wheel,w-iː-l,"바퀴",,,,,N,/assets/images/wheel.svg,/assets/audio/wheel.mp3
whip,w-ɪ-p,"채찍",,,,,N,/assets/images/whip.svg,/assets/audio/whip.mp3
car,k-ɑːr,"자동차",,,,,N,/assets/images/car.svg,/assets/audio/car.mp3
bar,b-ɑːr,"막대",,,,,N,/assets/images/bar.svg,/assets/audio/bar.mp3
jar,dʒ-ɑːr,"병",,,,,N,/assets/images/jar.svg,/assets/audio/jar.mp3
far,f-ɑːr,"먼",,,,,N,/assets/images/far.svg,/assets/audio/far.mp3
arm,ɑːr-m,"팔",,,,,N,/assets/images/arm.svg,/assets/audio/arm.mp3
park,p-ɑːr-k,"공원",,,,,N,/assets/images/park.svg,/assets/audio/park.mp3
dark,d-ɑːr-k,"어두운",,,,,N,/assets/images/dark.svg,/assets/audio/dark.mp3
farm,f-ɑːr-m,"농장",,,,,N,/assets/images/farm.svg,/assets/audio/farm.mp3
for,f-ɔːr,"~을 위해",,,,,N,/assets/images/for.svg,/assets/audio/for.mp3
corn,k-ɔːr-n,"옥수수",,,,,N,/assets/images/corn.svg,/assets/audio/corn.mp3
fork,f-ɔːr-k,"포크",,,,,N,/assets/images/fork.svg,/assets/audio/fork.mp3
horn,h-ɔːr-n,"뿔",,,,,N,/assets/images/horn.svg,/assets/audio/horn.mp3
born,b-ɔːr-n,"태어난",,,,,N,/assets/images/born.svg,/assets/audio/born.mp3
storm,s-t-ɔːr-m,"폭풍",,,,,N,/assets/images/storm.svg,/assets/audio/storm.mp3
sort,s-ɔːr-t,"종류",,,,,N,/assets/images/sort.svg,/assets/audio/sort.mp3
horse,h-ɔːr-s,"말",h,orse,-orse,,N,/assets/images/horse.svg,/assets/audio/horse.mp3
star,s-t-ɑːr,"별",st,ar,-ar,,N,/assets/images/star.svg,/assets/audio/star.mp3
door,d-ɔːr,"문",d,oor,-oor,,N,/assets/images/door.svg,/assets/audio/door.mp3
card,k-ɑːr-d,"카드",c,ard,-ard,,N,/assets/images/card.svg,/assets/audio/card.mp3
her,h-ɜːr,"그녀의",,,,,N,/assets/images/her.svg,/assets/audio/her.mp3
fern,f-ɜːr-n,"고사리",,,,,N,/assets/images/fern.svg,/assets/audio/fern.mp3
verb,v-ɜːr-b,"동사",,,,,N,/assets/images/verb.svg,/assets/audio/verb.mp3
herd,h-ɜːr-d,"무리",,,,,N,/assets/images/herd.svg,/assets/audio/herd.mp3
bird,b-ɜːr-d,"새",,,,,N,/assets/images/bird.svg,/assets/audio/bird.mp3
girl,g-ɜːr-l,"소녀",,,,,N,/assets/images/girl.svg,/assets/audio/girl.mp3
sir,s-ɜːr,"선생님",,,,,N,/assets/images/sir.svg,/assets/audio/sir.mp3
first,f-ɜːr-s-t,"첫 번째",,,,,N,/assets/images/first.svg,/assets/audio/first.mp3
fur,f-ɜːr,"털",,,,,N,/assets/images/fur.svg,/assets/audio/fur.mp3
burn,b-ɜːr-n,"타다",,,,,N,/assets/images/burn.svg,/assets/audio/burn.mp3
turn,t-ɜːr-n,"돌다",,,,,N,/assets/images/turn.svg,/assets/audio/turn.mp3
hurt,h-ɜːr-t,"아프다",,,,,N,/assets/images/hurt.svg,/assets/audio/hurt.mp3
curl,k-ɜːr-l,"곱슬",,,,,N,/assets/images/curl.svg,/assets/audio/curl.mp3
nurse,n-ɜːr-s,"간호사",,,,,N,/assets/images/nurse.svg,/assets/audio/nurse.mp3
stir,s-t-ɜːr,"젓다",,,,,N,/assets/images/stir.svg,/assets/audio/stir.mp3
shirt,ʃ-ɜːr-t,"셔츠",sh,irt,-irt,,N,/assets/images/shirt.svg,/assets/audio/shirt.mp3
skirt,s-k-ɜːr-t,"치마",sk,irt,-irt,,N,/assets/images/skirt.svg,/assets/audio/skirt.mp3
purse,p-ɜːr-s,"지갑",p,urse,-urse,,N,/assets/images/purse.svg,/assets/audio/purse.mp3
turtle,t-ɜːr-t-l,"거북이",t,urtle,-urtle,,N,/assets/images/turtle.svg,/assets/audio/turtle.mp3
boy,b-ɔɪ,"소년",,,,,N,/assets/images/boy.svg,/assets/audio/boy.mp3
joy,dʒ-ɔɪ,"기쁨",,,,,N,/assets/images/joy.svg,/assets/audio/joy.mp3
toy,t-ɔɪ,"장난감",,,,,N,/assets/images/toy.svg,/assets/audio/toy.mp3
coin,k-ɔɪ-n,"동전",,,,,N,/assets/images/coin.svg,/assets/audio/coin.mp3
oil,ɔɪ-l,"기름",,,,,N,/assets/images/oil.svg,/assets/audio/oil.mp3
boil,b-ɔɪ-l,"끓다",,,,,N,/assets/images/boil.svg,/assets/audio/boil.mp3
soil,s-ɔɪ-l,"흙",,,,,N,/assets/images/soil.svg,/assets/audio/soil.mp3
cow,k-aʊ,"소",,,,,N,/assets/images/cow.svg,/assets/audio/cow.mp3
now,n-aʊ,"지금",,,,,N,/assets/images/now.svg,/assets/audio/now.mp3
how,h-aʊ,"어떻게",,,,,N,/assets/images/how.svg,/assets/audio/how.mp3
town,t-aʊ-n,"마을",,,,,N,/assets/images/town.svg,/assets/audio/town.mp3
brown,b-r-aʊ-n,"갈색",,,,,N,/assets/images/brown.svg,/assets/audio/brown.mp3
out,aʊ-t,"밖",,,,,N,/assets/images/out.svg,/assets/audio/out.mp3
loud,l-aʊ-d,"시끄러운",,,,,N,/assets/images/loud.svg,/assets/audio/loud.mp3
cloud,k-l-aʊ-d,"구름",,,,,N,/assets/images/cloud.svg,/assets/audio/cloud.mp3
plate,p-l-eɪ-t,"접시",,,,,N,/assets/images/plate.svg,/assets/audio/plate.mp3
brave,b-r-eɪ-v,"용감한",,,,,N,/assets/images/brave.svg,/assets/audio/brave.mp3
slide,s-l-aɪ-d,"미끄럼틀",,,,,N,/assets/images/slide.svg,/assets/audio/slide.mp3
spoke,s-p-oʊ-k,"말했다",,,,,N,/assets/images/spoke.svg,/assets/audio/spoke.mp3
chase,tʃ-eɪ-s,"쫓다",,,,,N,/assets/images/chase.svg,/assets/audio/chase.mp3
smile,s-m-aɪ-l,"미소",,,,,N,/assets/images/smile.svg,/assets/audio/smile.mp3
froze,f-r-oʊ-z,"얼었다",,,,,N,/assets/images/froze.svg,/assets/audio/froze.mp3
blade,b-l-eɪ-d,"칼날",,,,,N,/assets/images/blade.svg,/assets/audio/blade.mp3
crane,k-r-eɪ-n,"두루미",,,,,N,/assets/images/crane.svg,/assets/audio/crane.mp3
pride,p-r-aɪ-d,"자부심",,,,,N,/assets/images/pride.svg,/assets/audio/pride.mp3
quote,k-w-oʊ-t,"인용",,,,,N,/assets/images/quote.svg,/assets/audio/quote.mp3
stripe,s-t-r-aɪ-p,"줄무늬",,,,,N,/assets/images/stripe.svg,/assets/audio/stripe.mp3
throne,θ-r-oʊ-n,"왕좌",,,,,N,/assets/images/throne.svg,/assets/audio/throne.mp3
globe,g-l-oʊ-b,"지구본",,,,,N,/assets/images/globe.svg,/assets/audio/globe.mp3
grape,g-r-eɪ-p,"포도",,,,,N,/assets/images/grape.svg,/assets/audio/grape.mp3